Sample	num_nodes	num_edges	edge_density	num_pos_edges	portion_pos_edges	num_neg_edges	portion_neg_edges	average_pos_association_strength	average_neg_association_strength	transitivity_global_clusering_coef	transitivity_ave_clustering_coef_mean_local	ave_path_length	diameter	mean_degree	degreecentralization	assortativity_nominal_EukProk	assortativity_nominal_Sizefraction	assortativity_degree	ave_node_betweenness	ave_edge_betweenness	betweennesscentralization	ave_closeness	closenesscentralization	closenesscentralization_disconnected_graphs	closenesscentralization_disconnected_graphs_normalized	count_nano	count_pico	count_euk	count_bac	count_en	count_ep	count_bn	count_bp	fraction_nano	fraction_pico	fraction_euk	fraction_bac	fraction_en	fraction_ep	fraction_bn	fraction_bp
BL0401	362	10309	0.15777230222984	10251	0.994373848093899	58	0.00562615190610146	0.617951318993269	-0.580981551724138	0.616582709626217	0.639999158214779	2.41735603695239	9	56.9558011049724	0.335302490013927	0.0911969058118896	0.24325495622632	0.0819665748723059	243.276243093923	14.5697933844214	0.071053592558106	0.000238223908782737	0.0157463259144858	173.546356222047	0.480737828869936	211	151	155	207	82	73	129	78	58.2872928176796	41.7127071823204	42.8176795580111	57.182320441989	22.6519337016575	20.1657458563536	35.6353591160221	21.5469613259669
BL0402	302	7536	0.165804932784757	7481	0.9927016985138	55	0.00729830148619958	0.611740924074322	-0.557917872727273	0.642494893896909	0.658137537700367	2.35132633425085	9	49.9072847682119	0.352467492464412	0.0773121293798727	0.247984835356977	0.110517386913102	183.695364238411	12.8090498938429	0.0366878964308384	0.0001834121363344	0.0101568905592349	140.619357721013	0.467173945916988	146	156	122	180	72	50	74	106	48.3443708609272	51.6556291390728	40.3973509933775	59.6026490066225	23.841059602649	16.5562913907285	24.5033112582781	35.0993377483444
BL0403	381	10330	0.142699267854676	10244	0.991674733785092	86	0.00832526621490804	0.614361577996876	-0.567054976744186	0.640285677791758	0.630120659639475	2.5357219777853	9	54.2257217847769	0.320458626882166	0.0945674376980789	0.254211577877619	0.125066875102816	262.007874015748	15.9561471442401	0.0443135573374816	0.000111502080804736	0.00742002379234734	166.574823980336	0.438354799948252	239	142	159	222	96	63	143	79	62.7296587926509	37.2703412073491	41.7322834645669	58.2677165354331	25.1968503937008	16.5354330708661	37.5328083989501	20.7349081364829
BL0404	254	3661	0.113939808907286	3625	0.990166621141765	36	0.00983337885823546	0.600958657931035	-0.554635027777778	0.605706742952807	0.582795873786492	3.00910475785595	11	28.8267716535433	0.301079953938564	0.182178698734772	0.323704231787791	0.185913829120958	223.271653543307	23.2007648183556	0.0895745505337373	0.000197577764996805	0.01196903172085	97.2307660406086	0.384311328223749	155	99	134	120	74	60	81	39	61.0236220472441	38.9763779527559	52.755905511811	47.244094488189	29.1338582677165	23.6220472440945	31.8897637795276	15.3543307086614
BL0405	195	833	0.0440391223896378	770	0.92436974789916	63	0.0756302521008403	0.585465068831169	-0.569285936507936	0.388167748377434	0.510493110082357	3.50825256975037	11	8.54358974358974	0.146682527094898	0.386090888266988	0.489708404802744	0.150783500846523	218.989743589744	71.702280912365	0.139443732076394	0.000367929270282965	0.0204259109397585	60.3230014430014	0.310943306407224	103	92	70	125	53	17	50	75	52.8205128205128	47.1794871794872	35.8974358974359	64.1025641025641	27.1794871794872	8.71794871794872	25.6410256410256	38.4615384615385
BL0406	179	936	0.0587533739250518	883	0.943376068376068	53	0.0566239316239316	0.590850768969422	-0.551178566037736	0.46580547112462	0.466526551644051	3.28903541567534	10	10.4581005586592	0.216527524951353	0.299300336874838	0.449672270763019	0.300390734430501	188.122905027933	51.6933760683761	0.118337947860007	0.000533196352407971	0.030462331043169	60.878872927197	0.342016140040432	87	92	81	98	48	33	39	59	48.6033519553073	51.3966480446927	45.2513966480447	54.7486033519553	26.8156424581006	18.4357541899441	21.7877094972067	32.9608938547486
BL0407	218	1351	0.0571174903817698	1326	0.981495188749075	25	0.0185048112509252	0.584697583710407	-0.54719428	0.433535772478151	0.47807171560792	3.2140642989992	9	12.394495412844	0.22398850040164	0.303951435867569	0.512149380300065	0.245384443024314	229.348623853211	53.7231680236862	0.0995107121763819	0.000556172665420691	0.0433230568399177	77.6600589777195	0.357880456118523	103	115	109	109	60	49	43	66	47.2477064220183	52.7522935779816	50	50	27.5229357798165	22.4770642201835	19.7247706422018	30.2752293577982
BL0408	205	1155	0.0552367288378766	1118	0.967965367965368	37	0.032034632034632	0.585096002683363	-0.550158513513514	0.43714251903278	0.477763970507065	3.223044397463	9	11.2682926829268	0.204567192730751	0.343700820796025	0.49730610019442	0.26494444975541	205.170731707317	52.7965367965368	0.106681877228713	0.000357564658675454	0.019775679241228	68.9765660085172	0.338120421610379	100	105	113	92	60	53	40	52	48.780487804878	51.219512195122	55.1219512195122	44.8780487804878	29.2682926829268	25.8536585365854	19.5121951219512	25.3658536585366
BL0409	280	1886	0.0482846902201741	1835	0.972958642629905	51	0.0270413573700954	0.582589314986376	-0.544188196078431	0.463030248991329	0.510660948514225	3.1171049875834	7	13.4714285714286	0.130926779313876	0.28613556396953	0.485652082586258	0.139549408993683	252.714285714286	55.2401908801697	0.113930600656149	0.000139393796332223	0.00844111514573029	89.44	0.320573476702509	119	161	141	139	62	79	57	82	42.5	57.5	50.3571428571429	49.6428571428571	22.1428571428571	28.2142857142857	20.3571428571429	29.2857142857143
BL0410	415	4597	0.0535126011291543	4481	0.974766151838155	116	0.0252338481618447	0.587286022316447	-0.554318155172414	0.538299177457605	0.526732863743085	3.13444342059156	8	22.1542168674699	0.173540538967464	0.19764752570511	0.420518550350953	0.362907321677451	396.29156626506	52.5368718729606	0.0743432484093643	9.17700445854145e-05	0.00678930241170464	139.652696500287	0.337325353865427	207	208	188	227	105	83	102	125	49.8795180722892	50.1204819277108	45.3012048192771	54.6987951807229	25.3012048192771	20	24.578313253012	30.1204819277108
BL0411	404	6044	0.0742451416357517	5943	0.983289212442091	101	0.0167107875579087	0.605545487800774	-0.557021831683168	0.603513092915612	0.576925576187667	3.00503633455851	8	29.9207920792079	0.248335503525539	0.130859936727064	0.291246641712937	0.343511209001563	353.769801980198	35.4409331568498	0.0636933060054675	8.0826375880598e-05	0.00605268599446513	141.386026638378	0.350833812998457	170	234	192	212	96	96	74	138	42.0792079207921	57.9207920792079	47.5247524752475	52.4752475247525	23.7623762376238	23.7623762376238	18.3168316831683	34.1584158415842
BL0412	357	8925	0.140449438202247	8840	0.990476190476191	85	0.00952380952380952	0.61284405	-0.559212564705882	0.632708895211882	0.62419792973077	2.5286836935167	7	50	0.337078651685393	0.0843114268806963	0.263621137264157	0.200162543057123	261.546218487395	17.3055462184874	0.059855666685143	0.000290979710377453	0.0208229105884163	163.636627984527	0.459653449394739	181	176	162	195	80	82	101	94	50.7002801120448	49.2997198879552	45.3781512605042	54.6218487394958	22.4089635854342	22.96918767507	28.2913165266106	26.3305322128852
BL0501	394	11968	0.154583381769804	11905	0.994735962566845	63	0.00526403743315508	0.6148613349853	-0.560366873015873	0.644501641588758	0.641135891090847	2.46118286879674	8	60.751269035533	0.336510765812893	0.0871333636312382	0.247963331311893	0.140642711853846	272.766497461929	15.1253342245989	0.0585762014751785	0.000200221653328049	0.0138831883089762	185.028492869229	0.470810414425519	205	189	181	213	87	94	118	95	52.0304568527919	47.9695431472081	45.9390862944162	54.0609137055838	22.0812182741117	23.8578680203046	29.9492385786802	24.1116751269036
BL0502	407	11794	0.142748211713729	11726	0.994234356452433	68	0.00576564354756656	0.614172459235886	-0.560842779411765	0.643344924284913	0.636410156880961	2.54033501588097	8	57.955773955774	0.320305975478389	0.102095439514074	0.250516670828328	0.1546983115866	287.164619164619	16.3433101577073	0.0560425417183155	0.000121570220401966	0.00821363240999072	180.998326898327	0.445808686941692	279	128	152	255	110	42	169	86	68.5503685503685	31.4496314496315	37.3464373464373	62.6535626535627	27.027027027027	10.3194103194103	41.5233415233415	21.1302211302211
BL0503	273	4952	0.133376427494075	4857	0.980815831987076	95	0.0191841680129241	0.623504520280008	-0.564477357894737	0.681908548707754	0.659006475117674	2.6194012396211	6	36.2783882783883	0.278388278388278	0.125367509046954	0.553416575779988	0.387045598626951	202.893772893773	18.0924878836834	0.106279643259653	0.000261201228933759	0.0150786610977816	116.694627594628	0.429024366156719	151	122	80	193	69	11	82	111	55.3113553113553	44.6886446886447	29.3040293040293	70.6959706959707	25.2747252747253	4.02930402930403	30.03663003663	40.6593406593407
BL0504	173	1464	0.0984003226240086	1422	0.971311475409836	42	0.0286885245901639	0.607828066807314	-0.552057952380952	0.590012192390953	0.595193337503414	2.93574583273971	9	16.9248554913295	0.238808979701573	0.279308749997519	0.789227419151655	0.296360389652383	157.075144508671	28.1502732240437	0.117299623105823	0.000721354509736245	0.0410431736728793	67.8554133406735	0.394508217096939	95	78	70	103	50	20	45	58	54.9132947976879	45.0867052023121	40.4624277456647	59.5375722543353	28.9017341040462	11.5606936416185	26.0115606936416	33.5260115606936
BL0505	210	1283	0.058464342674869	1217	0.948558067030397	66	0.0514419329696025	0.591719355792933	-0.571679454545455	0.483877948495997	0.523508730793064	3.23824848839477	8	12.2190476190476	0.161631351105035	0.197985761416913	0.677356879451258	0.233157618521662	218.580952380952	51.7614964925955	0.106358244245273	0.000457505349056017	0.0262058153736426	72.2079024943311	0.345492356432206	98	112	45	165	17	28	81	84	46.6666666666667	53.3333333333333	21.4285714285714	78.5714285714286	8.09523809523809	13.3333333333333	38.5714285714286	40
BL0506	232	1415	0.0528063890132856	1357	0.959010600706714	58	0.0409893992932862	0.583865532056006	-0.54753775862069	0.447718048296201	0.476056506900901	3.2728823646102	10	12.198275862069	0.206933870726974	0.315592303094185	0.537735728195142	0.305534605233144	246.931034482759	58.2989399293286	0.0989335304398229	0.000413803735300214	0.027960932873649	79.4434250136836	0.343910930795167	105	127	117	115	51	66	54	61	45.2586206896552	54.7413793103448	50.4310344827586	49.5689655172414	21.9827586206897	28.448275862069	23.2758620689655	26.2931034482759
BL0507	179	842	0.0528529282530915	812	0.96437054631829	30	0.0356294536817102	0.588423189655172	-0.531874166666667	0.405748316934231	0.497243686653748	3.21224736453367	7	9.40782122905028	0.149394262758144	0.293505621748616	0.660010094712152	0.119426154595866	184.061452513966	56.8171021377672	0.156758837518384	0.000596904255603372	0.03126639187698	60.907102952913	0.342174735690523	115	64	73	106	63	10	52	54	64.2458100558659	35.7541899441341	40.7821229050279	59.2178770949721	35.195530726257	5.58659217877095	29.0502793296089	30.1675977653631
BL0508	130	545	0.0649970184853906	533	0.977981651376147	12	0.0220183486238532	0.591891746716698	-0.572262666666667	0.434532013532139	0.453142306134077	3.48584486479624	10	8.38461538461539	0.183064997018485	0.258610204212279	0.587288708586883	0.319096426538648	150.623076923077	50.3816513761468	0.169991283060706	0.00103047806907232	0.052476936791705	44.5631135531136	0.345450492659795	69	61	65	65	38	27	31	34	53.0769230769231	46.9230769230769	50	50	29.2307692307692	20.7692307692308	23.8461538461538	26.1538461538462
BL0509	215	3211	0.139578352532058	3152	0.981625661787605	59	0.0183743382123949	0.603846064720812	-0.554998525423729	0.597833312373116	0.617595252416599	2.57566765578635	7	29.8697674418605	0.323038469897848	0.156339558154015	0.621110611434653	0.224343149650488	165.474418604651	18.1114917471193	0.0663096124828117	0.00102856404673591	0.0887895955974152	99.3928017718715	0.464452344728372	73	142	64	151	2	62	71	80	33.953488372093	66.046511627907	29.7674418604651	70.2325581395349	0.930232558139535	28.8372093023256	33.0232558139535	37.2093023255814
BL0510	214	1399	0.0613838796015971	1355	0.96854896354539	44	0.0314510364546104	0.588666543911439	-0.558780522727273	0.503431343548483	0.529190316457019	3.15888718591798	8	13.0747663551402	0.20622175420122	0.209068964787092	0.653672866502731	0.308173241910049	217.210280373832	48.6161543959971	0.0949042560410419	0.00050410690327914	0.0298661618625623	75.8832777036048	0.356259519735234	120	94	109	105	70	39	50	55	56.0747663551402	43.9252336448598	50.9345794392523	49.0654205607477	32.7102803738318	18.2242990654206	23.3644859813084	25.7009345794392
BL0511	358	4678	0.0732047008747633	4558	0.974348011970928	120	0.0256519880290723	0.599236515357613	-0.5573538	0.574214915133952	0.579039628590088	3.07008023047418	8	26.1340782122905	0.229316307528598	0.131953301243962	0.356503538914669	0.341653359837493	345.223463687151	39.1819153484395	0.0764638343045994	0.000181008104316474	0.0129322586865034	131.021574886938	0.367007212568454	142	216	153	205	73	80	69	136	39.6648044692737	60.3351955307263	42.7374301675978	57.2625698324022	20.391061452514	22.3463687150838	19.2737430167598	37.9888268156425
BL0512	404	9241	0.113517431147581	9128	0.987771886159507	113	0.0122281138404935	0.607126693141981	-0.55896710619469	0.630036137490545	0.60583490480249	2.7573937750226	8	45.7475247524753	0.320725745031079	0.0889949227103802	0.249685062360651	0.201733778966564	336.819306930693	23.1041012877394	0.0711044522628635	0.000190953075928233	0.0143420881706884	170.163784771334	0.422242642112492	184	220	200	204	93	107	91	113	45.5445544554455	54.4554455445545	49.5049504950495	50.4950495049505	23.019801980198	26.4851485148515	22.5247524752475	27.970297029703
BL0601	356	12546	0.19854407342934	12430	0.990754025187311	116	0.0092459748126893	0.616982548431215	-0.562584534482759	0.658194576761404	0.658778058937582	2.22857790294908	6	70.4831460674157	0.36201930685235	0.0726000205593679	0.232790436456996	0.156579053987407	213.213483146067	10.9744938625857	0.0276533614047202	0.000450823427871339	0.038846174934813	186.415262172285	0.525113414569816	197	159	115	241	68	47	129	112	55.3370786516854	44.6629213483146	32.3033707865169	67.6966292134831	19.1011235955056	13.2022471910112	36.2359550561798	31.4606741573034
BL0602	324	9293	0.177598134770477	9189	0.988808780802755	104	0.0111912191972452	0.612124822069866	-0.562216788461538	0.646936383477488	0.64664957952006	2.37778692057521	7	57.3641975308642	0.336333753774414	0.0930542123324585	0.247270359001635	0.140253438991785	217.052469135802	13.0600451953083	0.0284326807403195	0.000484810076716893	0.0398097608086164	161.889623750735	0.501206265482151	169	155	120	204	47	73	122	82	52.1604938271605	47.8395061728395	37.037037037037	62.962962962963	14.5061728395062	22.5308641975309	37.6543209876543	25.3086419753086
BL0603	339	10061	0.175612225305894	9977	0.99165092933108	84	0.00834907066891959	0.614217142928736	-0.56349355952381	0.658736102951618	0.632603100353619	2.38328423470995	9	59.3569321533923	0.342139253984046	0.0887763562312802	0.234672833640797	0.134183552347901	220.23598820059	12.7853096113706	0.0271435926757133	0.000233445261914053	0.0138258133828774	164.076806199373	0.485434337867966	216	123	128	211	80	48	136	75	63.716814159292	36.283185840708	37.7581120943953	62.2418879056047	23.598820058997	14.1592920353982	40.117994100295	22.1238938053097
BL0604	133	538	0.0612895876053771	523	0.972118959107807	15	0.0278810408921933	0.603479588910134	-0.577357133333333	0.521706956092748	0.440570563500131	3.56052021632758	8	8.09022556390977	0.203861927546138	0.279232899807322	0.404132055378062	0.468001798505676	149.511278195489	51.3959107806691	0.151209823766272	0.000630315600898489	0.0281753367159139	40.9917114214107	0.31054326834402	83	50	57	76	37	20	46	30	62.406015037594	37.593984962406	42.8571428571429	57.1428571428571	27.8195488721804	15.0375939849624	34.5864661654135	22.5563909774436
BL0605	189	746	0.0419903185860633	688	0.922252010723861	58	0.0777479892761394	0.589060614825581	-0.557972655172414	0.418703406624516	0.405252195495617	3.55595380326563	11	7.89417989417989	0.128222447371384	0.436932273408852	0.521541047416843	0.370019075723317	203.746031746032	71.8150134048257	0.125000634568789	0.000269458710442027	0.0140263260365135	54.2686364781603	0.288662959990214	104	85	91	98	47	44	57	41	55.026455026455	44.973544973545	48.1481481481481	51.8518518518518	24.8677248677249	23.2804232804233	30.1587301587302	21.6931216931217
BL0606	277	1842	0.0481870977868466	1737	0.94299674267101	105	0.0570032573289902	0.582572207253886	-0.557166228571429	0.440225228318341	0.47174756534476	3.3305413412335	9	13.2996389891697	0.161957829749385	0.276687582584319	0.529552562777317	0.178904189425097	312.393501805054	67.1351791530945	0.116057763147121	0.000493442521204242	0.0452889303608183	95.5816228296373	0.346310227643613	143	134	109	168	54	55	89	79	51.6245487364621	48.3754512635379	39.3501805054152	60.6498194945848	19.4945848375451	19.85559566787	32.129963898917	28.5198555956679
BL0607	232	1375	0.0513136288998358	1335	0.970909090909091	40	0.0290909090909091	0.58378966741573	-0.5496342	0.450361010830325	0.484179950421376	3.29111654441728	9	11.8534482758621	0.217084639498433	0.315732135137582	0.51641339746137	0.294703129511788	242.344827586207	58.7374545454545	0.102083265889464	0.000315582648577874	0.0201604037736314	76.8525691023536	0.332695104339193	102	130	113	119	50	63	52	67	43.9655172413793	56.0344827586207	48.7068965517241	51.2931034482759	21.551724137931	27.1551724137931	22.4137931034483	28.8793103448276
BL0608	209	1448	0.0666175929333824	1410	0.973756906077348	38	0.0262430939226519	0.58518940070922	-0.540228763157895	0.429480476802199	0.483054095014114	2.89632302740661	7	13.8564593301435	0.217036253220464	0.28480162288503	0.474956504850839	0.262525936024746	186.057416267943	41.0165745856354	0.0987982736218354	0.000530492945715315	0.030896373614862	79.2692412850308	0.381102121562648	128	81	68	141	44	24	84	57	61.244019138756	38.755980861244	32.5358851674641	67.4641148325359	21.0526315789474	11.4832535885167	40.1913875598086	27.2727272727273
BL0609	269	1720	0.0477168063030572	1661	0.965697674418605	59	0.0343023255813954	0.577404220951234	-0.556663898305085	0.399548176946517	0.487802633967582	3.15851687814221	8	12.7881040892193	0.164969760861122	0.286319878592047	0.541056258668516	0.219144583365798	268.137546468401	61.3633720930233	0.0534376508282054	0.000275703978524417	0.0166318382116713	92.0290228359002	0.343391876253359	148	121	119	150	65	54	83	67	55.0185873605948	44.9814126394052	44.2379182156134	55.7620817843866	24.1635687732342	20.0743494423792	30.8550185873606	24.907063197026
BL0610	397	3242	0.0412436709665929	3136	0.96730413325108	106	0.0326958667489204	0.577186849170918	-0.5487025	0.450089532307506	0.507560631366368	3.2590403049808	8	16.3324937027708	0.130473500750579	0.248496170339796	0.486541360147754	0.189908340074547	411.964735516373	72.778531770512	0.077414959033494	0.000126790799492414	0.00896252018003031	130.325350845628	0.329104421327343	192	205	184	213	90	94	102	111	48.3627204030227	51.6372795969773	46.3476070528967	53.6523929471033	22.6700251889169	23.6775818639798	25.6926952141058	27.9596977329975
BL0611	278	4070	0.105706048879308	4012	0.985749385749386	58	0.0142506142506142	0.617701408773679	-0.564198034482759	0.633037481071858	0.574897968242694	2.90092487681484	7	29.2805755395683	0.240864348232605	0.125792446403425	0.108117440186302	0.443370529728563	259.503597122302	27.0498771498772	0.0828065940090329	0.00074281347184832	0.0898707018799649	115.141675231244	0.415673917802323	258	20	93	185	86	7	172	13	92.8057553956834	7.19424460431655	33.4532374100719	66.5467625899281	30.9352517985612	2.51798561151079	61.8705035971223	4.67625899280576
BL0612	413	9446	0.111027527680481	9327	0.987402074952361	119	0.0125979250476392	0.611070693256138	-0.560121882352941	0.628233343297556	0.591142261990135	2.7850499772286	7	45.7433414043584	0.282176355814664	0.113156794076151	0.267567415053759	0.276250603788448	360.63196125908	24.6007834003811	0.0528159073687747	0.000357854384537134	0.0443839032541493	176.604462123833	0.428651607096681	252	161	167	246	76	91	176	70	61.0169491525424	38.9830508474576	40.4358353510896	59.5641646489104	18.4019370460048	22.0338983050847	42.6150121065375	16.9491525423729
BL0701	448	13104	0.130872483221477	12975	0.990155677655678	129	0.00984432234432234	0.609681258805395	-0.559236674418605	0.631993193214844	0.616591760721459	2.69756077359506	8	58.5	0.323266219239374	0.0883890344186135	0.252118200804058	0.171646777058274	365.991071428571	19.8833943833944	0.0401848646816938	0.000206916026232093	0.0180286506939919	198.989987244898	0.445167756699995	252	196	196	252	107	89	145	107	56.25	43.75	43.75	56.25	23.8839285714286	19.8660714285714	32.3660714285714	23.8839285714286
BL0702	411	12277	0.145712420627856	12238	0.996823328174635	39	0.0031766718253645	0.609455628615787	-0.569998256410256	0.634402560229829	0.61287322817209	2.69983591335207	13	59.7420924574209	0.334775384250193	0.0982446050084842	0.258418504003689	0.122831432170129	325.148418491484	17.2886698704895	0.0386057516326631	0.000142142322729653	0.00988604999367386	183.425691731896	0.447379735931454	238	173	189	222	98	91	140	82	57.9075425790754	42.0924574209246	45.985401459854	54.014598540146	23.8442822384428	22.1411192214112	34.0632603406326	19.9513381995134
BL0703	311	4999	0.103702935380147	4930	0.98619723944789	69	0.0138027605521104	0.601807636713996	-0.56965	0.616590179971515	0.566421329708242	2.98100977939504	10	32.1479099678457	0.286619645265014	0.128325789211655	0.281920825098242	0.218995669255281	280.08038585209	26.2202440488098	0.0728195662107334	0.000183252048530004	0.0119729926677805	120.64317103047	0.389171519453129	163	148	163	148	80	83	83	65	52.411575562701	47.588424437299	52.411575562701	47.588424437299	25.7234726688103	26.6881028938907	26.6881028938907	20.9003215434084
BL0704	275	2152	0.0571201061712011	2073	0.963289962825279	79	0.0367100371747212	0.589244601061264	-0.562900962025316	0.497366536046855	0.480118817198724	3.27870735874624	10	15.6509090909091	0.212952886529529	0.199299082554644	0.418547219693827	0.352335766977338	281.283636363636	51.7188661710037	0.108457632589042	0.000202818916330282	0.0130770370595977	91.360202020202	0.333431394234314	137	138	116	159	67	49	70	89	49.8181818181818	50.1818181818182	42.1818181818182	57.8181818181818	24.3636363636364	17.8181818181818	25.4545454545455	32.3636363636364
BL0705	284	1852	0.0460857014880804	1771	0.956263498920086	81	0.0437365010799136	0.580838118577075	-0.561038160493827	0.4515595463138	0.472103832278108	3.29435842197388	9	13.0422535211268	0.141193450455382	0.313833767168439	0.56565227971667	0.263457608961887	300.003521126761	66.0561555075594	0.0733412037488871	0.000239982694137551	0.0149006582590728	93.4323720098368	0.330149724416384	170	114	118	166	56	62	114	52	59.8591549295775	40.1408450704225	41.5492957746479	58.4507042253521	19.7183098591549	21.830985915493	40.1408450704225	18.3098591549296
BL0706	296	1873	0.0428996793403573	1771	0.94554191137213	102	0.0544580886278697	0.581045915866742	-0.548577950980392	0.44329112172168	0.475011130576544	3.35954916401274	10	12.6554054054054	0.150320659642694	0.290684631371491	0.557413709007219	0.248091135416996	320.388513513513	72.0912973838761	0.102124160341114	0.000213944051927717	0.0138861430539249	95.85074002574	0.324917762799119	158	138	140	156	60	80	98	58	53.3783783783784	46.6216216216216	47.2972972972973	52.7027027027027	20.2702702702703	27.027027027027	33.1081081081081	19.5945945945946
BL0707	340	2315	0.0401700503210134	2227	0.961987041036717	88	0.0380129589632829	0.57823624831612	-0.547999295454545	0.431521202105729	0.472566301937527	3.34558892494701	9	13.6176470588235	0.151570362658338	0.331355951032016	0.544680896325571	0.24439185015102	367.767647058824	77.0410367170626	0.0815821236494636	0.000175102562382923	0.0122478275692511	109.838531746032	0.32400746827738	182	158	152	188	78	74	104	84	53.5294117647059	46.4705882352941	44.7058823529412	55.2941176470588	22.9411764705882	21.7647058823529	30.5882352941176	24.7058823529412
BL0708	302	1977	0.0434973927966381	1918	0.970156803237228	59	0.0298431967627719	0.576765202294056	-0.543831220338983	0.409186468751991	0.464207441031788	3.24059359663473	9	13.0927152317881	0.165804932784757	0.309928282023367	0.521165950855453	0.248382822706417	317.466887417219	70.1390996459282	0.0591730411990567	0.000265676289125545	0.017890193380214	102.099237884999	0.339200125863786	166	136	158	144	85	73	81	63	54.9668874172185	45.0331125827815	52.317880794702	47.682119205298	28.1456953642384	24.1721854304636	26.8211920529801	20.8609271523179
BL0709	234	1677	0.061516452074392	1621	0.966607036374478	56	0.0333929636255218	0.586192915484269	-0.541529982142857	0.453974063171294	0.51343257202543	2.95133579942458	7	14.3333333333333	0.135908440629471	0.231783513791774	0.525297219987485	0.18003451787654	202.888888888889	42.8181276088253	0.0839393664550681	0.0002570894493619	0.0128154999613831	82.5423687423687	0.354259093314887	145	89	60	174	39	21	106	68	61.965811965812	38.034188034188	25.6410256410256	74.3589743589744	16.6666666666667	8.97435897435897	45.2991452991453	29.0598290598291
BL0710	407	3477	0.0420837317389042	3375	0.970664365832614	102	0.0293356341673857	0.580431563259259	-0.551705098039216	0.461139398597368	0.493811072774727	3.28493647912886	8	17.0859950859951	0.147571440674889	0.23323399290485	0.45422081152672	0.223748135575764	423.791154791155	71.3172274949669	0.0788484338222238	0.000111469705354483	0.00788028149417043	132.137861237861	0.325462712408525	220	187	206	201	103	103	117	84	54.0540540540541	45.945945945946	50.6142506142506	49.3857493857494	25.3071253071253	25.3071253071253	28.7469287469287	20.6388206388206
BL0711	528	11867	0.0852955551722155	11726	0.988118311283391	141	0.0118816887166091	0.607722720706123	-0.556549695035461	0.627700962620328	0.573662094593444	2.9555968323855	8	44.9507575757576	0.258157955264217	0.115474168729093	0.27775113848204	0.334478935937306	484.543560606061	32.5830454200725	0.051898526074918	9.75775522515942e-05	0.00827617841796838	202.914596861472	0.385037185695393	299	229	249	279	125	124	174	105	56.6287878787879	43.3712121212121	47.1590909090909	52.8409090909091	23.6742424242424	23.4848484848485	32.9545454545455	19.8863636363636
BL0712	408	11136	0.134123428241075	11020	0.989583333333333	116	0.0104166666666667	0.618191555353902	-0.558881327586207	0.637675711168222	0.604052418721487	2.71582645440252	8	54.5882352941176	0.313051018933372	0.0889054723774723	0.246426230665977	0.217911756954661	342.357843137255	19.8536278735632	0.0460097291980981	0.000366884268315622	0.0429571540769765	183.285194911298	0.450332174229233	251	157	146	262	98	48	153	109	61.5196078431373	38.4803921568627	35.7843137254902	64.2156862745098	24.0196078431373	11.7647058823529	37.5	26.7156862745098
BL0801	415	13485	0.156975729002968	13402	0.993845012977382	83	0.00615498702261772	0.612786543575586	-0.562574855421687	0.625430339148858	0.631333929550663	2.39434089103465	9	64.9879518072289	0.347855188871428	0.0976786411170098	0.255468103781063	0.114221462582023	274.886746987952	14.5267334074898	0.0305245203943728	0.000191246722024159	0.0132306701166311	198.886532797858	0.480402253134923	245	170	169	246	80	89	165	81	59.0361445783133	40.9638554216867	40.7228915662651	59.2771084337349	19.2771084337349	21.4457831325301	39.7590361445783	19.5180722891566
BL0802	382	11655	0.160159953827761	11550	0.990990990990991	105	0.00900900900900901	0.609641022510823	-0.560856104761905	0.637665964124603	0.630976567291369	2.43237043939503	8	61.020942408377	0.333278366382213	0.0986244906654165	0.252370328580657	0.142833873481948	261.557591623037	14.5577005577006	0.0441512003919975	0.000247957050565349	0.0171815521343465	182.906862378459	0.480070504930339	212	170	150	232	65	85	147	85	55.4973821989529	44.5026178010471	39.2670157068063	60.7329842931937	17.0157068062827	22.2513089005236	38.4816753926702	22.2513089005236
BL0803	385	10058	0.136066017316017	9970	0.991250745675085	88	0.00874925432491549	0.608393853259779	-0.558580159090909	0.641784218793381	0.628879720923107	2.6876472667295	10	52.2493506493506	0.319663149350649	0.0955715579420325	0.25930777127813	0.152152159822382	297.657142857143	18.1449592364287	0.0760733813074093	0.000134574982909424	0.00916014916301801	166.268554937126	0.4329910284821	196	189	152	233	65	87	131	102	50.9090909090909	49.0909090909091	39.4805194805195	60.5194805194805	16.8831168831169	22.5974025974026	34.025974025974	26.4935064935065
BL0804	278	4962	0.128873074825338	4910	0.989520354695687	52	0.0104796453043128	0.605898810997963	-0.551497480769231	0.621839423772818	0.582971910972827	2.75583671385209	9	35.6978417266187	0.304339921564553	0.132718031954427	0.306922741161065	0.206026183673736	222.643884892086	19.5779927448609	0.0677152228048763	0.000236473574376716	0.0140196186239606	116.480712572799	0.420507987627433	155	123	106	172	48	58	107	65	55.7553956834532	44.2446043165468	38.1294964028777	61.8705035971223	17.2661870503597	20.863309352518	38.4892086330935	23.3812949640288
BL0805	204	1213	0.0585820535110596	1161	0.957131079967024	52	0.0428689200329761	0.59238879672696	-0.571116038461538	0.497685824813484	0.467634746572657	3.37526578932245	11	11.8921568627451	0.217280015454458	0.173644407451546	0.414631792298041	0.370078489743797	202.607843137255	48.4196207749382	0.128600320600925	0.00022611909318497	0.0128214117626368	62.8180053334465	0.309448302135204	132	72	70	134	47	23	85	49	64.7058823529412	35.2941176470588	34.3137254901961	65.6862745098039	23.0392156862745	11.2745098039216	41.6666666666667	24.0196078431373
BL0806	263	1592	0.0462078773981946	1497	0.940326633165829	95	0.0596733668341709	0.58726811756847	-0.562047568421053	0.4552829608079	0.486979726265334	3.39700362307014	11	12.106463878327	0.140815023365164	0.257926796970178	0.479617630821978	0.203267296267229	279.228136882129	65.3731155778895	0.0972967761476416	0.000198240512101386	0.0119143491555108	82.6724918934044	0.315543862188567	109	154	78	185	31	47	78	107	41.4448669201521	58.5551330798479	29.6577946768061	70.3422053231939	11.787072243346	17.8707224334601	29.6577946768061	40.6844106463878
BL0807	242	1376	0.0471863104831796	1316	0.956395348837209	60	0.0436046511627907	0.581281436930091	-0.545960033333333	0.420156941260051	0.474360559885329	3.24966073720888	8	11.3719008264463	0.197626967525119	0.311950540974001	0.526629515528279	0.289040137593101	253.45867768595	64.390988372093	0.0813546454441504	0.000360691927098392	0.0239168148119396	81.6729535615899	0.338891923492074	114	128	106	136	52	54	62	74	47.1074380165289	52.8925619834711	43.801652892562	56.198347107438	21.4876033057851	22.3140495867769	25.6198347107438	30.5785123966942
BL0808	225	1507	0.0598015873015873	1468	0.974120769741208	39	0.0258792302587923	0.583983623297003	-0.547730641025641	0.436071910826339	0.472938027029609	3.00154998708344	8	13.3955555555556	0.208055555555556	0.265601262926696	0.479117769232991	0.270894803856276	206.613333333333	46.2601194426012	0.0507172233920075	0.000361080486006586	0.0200403661557592	80.8946349206349	0.361136763038549	114	111	93	132	50	43	64	68	50.6666666666667	49.3333333333333	41.3333333333333	58.6666666666667	22.2222222222222	19.1111111111111	28.4444444444444	30.2222222222222
BL0809	288	1838	0.0444734804490902	1774	0.965179542981502	64	0.0348204570184984	0.576530262119504	-0.553958765625	0.395516413130504	0.44069192271728	3.15682553259736	9	12.7638888888889	0.161101432442896	0.333852838432305	0.490431002238243	0.207110612880589	280.170138888889	64.2546245919478	0.0583099278985743	0.000195179428506982	0.0116547102893946	95.6976162918871	0.333441171748736	162	126	144	144	77	67	85	59	56.25	43.75	50	50	26.7361111111111	23.2638888888889	29.5138888888889	20.4861111111111
BL0810	412	3863	0.0456263435145159	3751	0.971006989386487	112	0.0289930106135128	0.579459889096241	-0.551694758928571	0.464972115448708	0.503606867259763	3.16917890987725	8	18.752427184466	0.141721588358963	0.245115626477819	0.466015831704446	0.19914260438434	413.907766990291	64.4952109759254	0.0767844365351884	0.000129912460433731	0.00898673399378826	140.137615580213	0.340967434501734	217	195	203	209	95	108	122	87	52.6699029126214	47.3300970873786	49.2718446601942	50.7281553398058	23.0582524271845	26.2135922330097	29.6116504854369	21.1165048543689
BL0811	467	11998	0.110264587220042	11870	0.98933155525921	128	0.0106684447407901	0.609958602021904	-0.551139796875	0.638040542845006	0.600645157521606	2.81389225035094	8	51.3832976445396	0.288877043681245	0.101230505972599	0.266455656610967	0.27346428690747	401.21199143469	24.2257876312719	0.0522276686679937	0.000141952613303102	0.0113865660921441	193.257968797798	0.414716671239909	250	217	211	256	100	111	150	106	53.5331905781585	46.4668094218415	45.1820128479657	54.8179871520343	21.4132762312634	23.7687366167024	32.1199143468951	22.6980728051392
BL0812	406	9303	0.113154533844189	9209	0.989895732559389	94	0.0101042674406106	0.613747616570746	-0.560002585106383	0.632592315127273	0.600087116384441	2.76274728698271	7	45.8275862068966	0.281907194550873	0.130704258359708	0.252961805132472	0.224954030681518	334.470443349754	22.8776738686445	0.0533084959916083	0.000152614878848435	0.0107053357911866	168.896117757448	0.417027451252958	265	141	219	187	112	107	153	34	65.2709359605911	34.7290640394089	53.9408866995074	46.0591133004926	27.5862068965517	26.3546798029557	37.6847290640394	8.3743842364532
BL0901	432	13713	0.147299561742717	13580	0.990301174068402	133	0.00969882593159775	0.613261357805596	-0.557834789473684	0.627054828321081	0.618984963319984	2.46477997891349	7	63.4861111111111	0.337619231760763	0.0995335609370398	0.252055120859634	0.156273255902147	305.518518518518	16.1955079122001	0.0303894276166233	0.000242690167664822	0.0198818260091606	204.113910934744	0.473582159941402	258	174	152	280	81	71	177	103	59.7222222222222	40.2777777777778	35.1851851851852	64.8148148148148	18.75	16.4351851851852	40.9722222222222	23.8425925925926
BL0902	335	9562	0.170917865761015	9480	0.991424388203305	82	0.00857561179669525	0.617478637025316	-0.564623756097561	0.658687353949928	0.639705634566179	2.31082048404883	6	57.0865671641791	0.308124050406649	0.0763901464426274	0.232190143546912	0.191753233834391	202.253731343284	12.491528968835	0.033890184325552	0.000189140061465881	0.0105871135189844	160.358407960199	0.480114993892811	197	138	94	241	43	51	154	87	58.8059701492537	41.1940298507463	28.0597014925373	71.9402985074627	12.8358208955224	15.2238805970149	45.9701492537313	25.9701492537313
BL0903	335	9007	0.160997408168737	8897	0.987787276562674	110	0.0122127234373265	0.613628714060919	-0.566273354545455	0.646293821846408	0.613959611526692	2.40021399774538	8	53.7731343283582	0.309062472070784	0.0882243356579739	0.258668936970697	0.195336676240659	218.755223880597	13.9469301654269	0.0331492140842436	0.000217536138822311	0.0126247134136153	158.34815920398	0.474096285041857	173	162	110	225	42	68	131	94	51.6417910447761	48.3582089552239	32.8358208955224	67.1641791044776	12.5373134328358	20.2985074626866	39.1044776119403	28.0597014925373
BL0904	238	2873	0.101868595539482	2807	0.977027497389488	66	0.0229725026105117	0.598743035981475	-0.562533878787879	0.561971554040768	0.539173236407208	2.87363911488425	9	24.1428571428571	0.286317058468957	0.136416486645394	0.410096022415501	0.250589304235711	200.298319327731	25.4486599373477	0.056384596297751	0.000272617033590356	0.015610807282265	92.5355375483527	0.390445306111193	139	99	73	165	47	26	92	73	58.4033613445378	41.5966386554622	30.672268907563	69.327731092437	19.7478991596639	10.9243697478992	38.655462184874	30.672268907563
BL0905	205	1095	0.0523672883787661	1020	0.931506849315068	75	0.0684931506849315	0.587563152941176	-0.556568013333333	0.461145382561458	0.478522106231105	3.22285840123321	8	10.6829268292683	0.182926829268293	0.405282065811853	0.466292322381204	0.325728516313286	196.956097560976	53.4611872146119	0.0962314750783178	0.000269516299426739	0.0143433000064919	65.4978745644599	0.321068012570882	104	101	105	100	49	56	55	45	50.7317073170732	49.2682926829268	51.219512195122	48.780487804878	23.9024390243902	27.3170731707317	26.8292682926829	21.9512195121951
BL0906	293	2141	0.0500490906540745	2040	0.952825782344699	101	0.0471742176553013	0.585942076470588	-0.55210896039604	0.491960589784817	0.484451619338469	3.31803551033122	10	14.6143344709898	0.175978306606199	0.238386215432283	0.566431716787241	0.295944968254664	304.778156996587	59.7029425502102	0.0878792239966156	0.000179376500235483	0.0115918329896314	94.9157240370551	0.32505384944197	166	127	106	187	50	56	116	71	56.6552901023891	43.3447098976109	36.1774744027304	63.8225255972696	17.0648464163823	19.1126279863481	39.5904436860068	24.2320819112628
BL0907	260	1810	0.0537570537570538	1757	0.970718232044199	53	0.0292817679558011	0.581859946499715	-0.536067830188679	0.425010216591745	0.478693658999656	3.07966627983565	8	13.9230769230769	0.197208197208197	0.23072504219005	0.530880837893501	0.242880179415616	255.023076923077	54.2480662983425	0.0940259434883603	0.000376309715858925	0.0258339934539096	93.1295604395604	0.359573592430735	163	97	97	163	58	39	105	58	62.6923076923077	37.3076923076923	37.3076923076923	62.6923076923077	22.3076923076923	15	40.3846153846154	22.3076923076923
BL0908	306	2104	0.0450873245473053	2058	0.978136882129278	46	0.0218631178707224	0.579288187560739	-0.545320826086957	0.416021391565929	0.48042827326602	3.17912274096386	8	13.7516339869281	0.174584806600236	0.269837850774846	0.57325501076001	0.215374970180792	302.627450980392	64.2110266159696	0.0928313251879957	0.00018387111203646	0.0121089668264146	102.114153439153	0.334800503079192	180	126	138	168	73	65	107	61	58.8235294117647	41.1764705882353	45.0980392156863	54.9019607843137	23.8562091503268	21.2418300653595	34.9673202614379	19.9346405228758
BL0909	257	1717	0.0521947957198444	1665	0.969714618520676	52	0.0302853814793244	0.579296805405405	-0.551873423076923	0.409708373413415	0.470690516460431	3.04325259515571	7	13.3618677042802	0.182180204280156	0.304461261954797	0.495576321171512	0.239142163498984	243.552529182879	54.296447291788	0.0636671808048935	0.000316011265541641	0.0186563844453301	91.2186770428016	0.356322957198444	125	132	130	127	56	74	69	58	48.6381322957198	51.3618677042802	50.5836575875486	49.4163424124514	21.7898832684825	28.7937743190661	26.8482490272374	22.568093385214
BL0910	309	2150	0.0451813558609675	2059	0.957674418604651	91	0.0423255813953488	0.577162274405051	-0.549105417582418	0.432878638194392	0.488334995579204	3.10649727935073	7	13.915857605178	0.133390072710461	0.27145539492038	0.541342860004963	0.202682756838512	295.673139158576	62.6674418604651	0.0814652581369306	0.000182828291539753	0.0107533246328601	104.249776544922	0.338473300470527	160	149	135	174	63	72	97	77	51.7799352750809	48.2200647249191	43.6893203883495	56.3106796116505	20.3883495145631	23.3009708737864	31.3915857605178	24.9190938511327
BL0911	443	8401	0.0858094236131681	8277	0.985239852398524	124	0.014760147601476	0.606774556361	-0.554738427419355	0.627738982807119	0.568531321473301	2.93742716173091	8	37.9277652370203	0.242244875029366	0.131063271720955	0.290310802312739	0.392889636835973	401.537246049661	32.1026068325199	0.0555807403471079	0.000130129410143043	0.0100172103964351	170.466924647963	0.385671775221636	248	195	195	248	87	108	161	87	55.9819413092551	44.0180586907449	44.0180586907449	55.9819413092551	19.6388261851016	24.3792325056433	36.3431151241535	19.6388261851016
BL0912	465	13108	0.121505376344086	12981	0.990311260299054	127	0.00968873970094599	0.611733917879978	-0.559038188976378	0.632917620367698	0.61461885303074	2.68438579654511	7	56.3784946236559	0.307373934000742	0.110813639511455	0.268569563949276	0.23530328919037	377.447311827957	21.3391058895331	0.0423376383242141	0.000199458814666868	0.0178011938983171	203.311746031746	0.438171866447728	260	205	177	288	82	95	178	110	55.9139784946236	44.0860215053763	38.0645161290323	61.9354838709677	17.6344086021505	20.4301075268817	38.2795698924731	23.6559139784946
BL1001	428	13355	0.146151152356147	13270	0.993635342568326	85	0.00636465743167353	0.613031989902035	-0.560479388235294	0.630492423177749	0.635256633962985	2.55333991142523	9	62.4065420560748	0.336284444833549	0.102696632617892	0.243587418158952	0.129380917704384	316.322429906542	16.6637214526395	0.0357907346149747	0.000183366257821039	0.0135383220633167	197.293537679869	0.462045755690561	255	173	188	240	88	100	167	73	59.5794392523364	40.4205607476636	43.9252336448598	56.0747663551402	20.5607476635514	23.3644859813084	39.018691588785	17.0560747663551
BL1002	404	13587	0.16690415939857	13475	0.991756826378156	112	0.00824317362184441	0.611222304935065	-0.564194258928571	0.629044168368925	0.646090045330614	2.30692714859232	7	67.2623762376238	0.344262093703167	0.0976640012836627	0.258919311407707	0.116974020154514	253.019801980198	13.2798999043203	0.0412531665438261	0.000237298658585693	0.0169074927946689	200.367927864215	0.497190888000533	224	180	152	252	78	74	146	106	55.4455445544555	44.5544554455446	37.6237623762376	62.3762376237624	19.3069306930693	18.3168316831683	36.1386138613861	26.2376237623762
BL1003	385	11737	0.158779761904762	11632	0.991053932009883	105	0.00894606799011672	0.611707999656121	-0.561742571428571	0.643694690764175	0.620514670793844	2.49079091485559	8	60.9714285714286	0.328199404761905	0.0990074416436317	0.257427168618732	0.151454286415815	268.683116883117	14.7253131123797	0.0211818821418184	0.000175235909028018	0.0112485433996947	179.400074211503	0.467187693259122	220	165	132	253	60	72	160	93	57.1428571428571	42.8571428571429	34.2857142857143	65.7142857142857	15.5844155844156	18.7012987012987	41.5584415584416	24.1558441558442
BL1004	269	2452	0.0680241913111025	2350	0.958401305057096	102	0.0415986949429038	0.581860180851064	-0.559466284313725	0.499887078561058	0.493372997535436	3.15628445424476	11	18.2304832713755	0.237945957942629	0.212209398423488	0.478977136607468	0.243623500666238	261.736059479554	42.0305872756933	0.0795902530074458	0.000222418826104823	0.0141627066999013	95.2623100361019	0.355456380731723	136	133	110	159	47	63	89	70	50.5576208178439	49.4423791821561	40.8921933085502	59.1078066914498	17.4721189591078	23.4200743494424	33.0855018587361	26.0223048327138
BL1005	361	3051	0.0469529085872576	2930	0.960340871845297	121	0.0396591281547034	0.588306753242321	-0.557614181818182	0.522927389128992	0.489680564245941	3.40677223719677	11	16.9030470914127	0.197491535857187	0.209148299851163	0.391230223677032	0.391483599912626	395.750692520776	66.2818747951491	0.0929465600267723	0.000138068133984561	0.0104406597491938	115.910649630456	0.321974026751266	236	125	156	205	102	54	134	71	65.3739612188366	34.6260387811634	43.213296398892	56.786703601108	28.2548476454294	14.9584487534626	37.1191135734072	19.6675900277008
BL1006	369	2733	0.0402527394839166	2610	0.954994511525796	123	0.0450054884742042	0.584123364367816	-0.555541268292683	0.477852481708523	0.475068219764155	3.48672004687042	12	14.8130081300813	0.147247260516083	0.273802195277021	0.529749261311721	0.270324395435862	414.089430894309	78.3918770581778	0.0902564216063771	0.000121487076565899	0.00893872253217442	114.585200045363	0.311372826210225	234	135	166	203	100	66	134	69	63.4146341463415	36.5853658536585	44.9864498644986	55.0135501355014	27.10027100271	17.8861788617886	36.3143631436314	18.6991869918699
BL1007	314	1966	0.0400073258582446	1890	0.961342828077314	76	0.0386571719226857	0.581911456613757	-0.539543736842105	0.417987347551034	0.460998664972195	3.4050813095803	10	12.5222929936306	0.161270629413321	0.322867183778391	0.572484167587903	0.269216390728061	355.140127388535	80.3051881993896	0.0846581239294876	0.000252559347524569	0.0195294789060728	102.142766151046	0.326334716137528	203	111	115	199	86	29	117	82	64.6496815286624	35.3503184713376	36.624203821656	63.3757961783439	27.3885350318471	9.23566878980892	37.2611464968153	26.1146496815287
BL1008	278	1759	0.0456847518375192	1711	0.972711768050028	48	0.0272882319499716	0.57959432554062	-0.555079854166667	0.413931371289037	0.450099955935938	3.29333705824836	10	12.6546762589928	0.167311638054178	0.297935679155457	0.496038493822342	0.204618936481	295.287769784173	67.0181921546333	0.077438544903436	0.000264493189942418	0.0172270003297505	92.524808724449	0.334024580232668	209	69	126	152	93	33	116	36	75.1798561151079	24.8201438848921	45.3237410071942	54.6762589928058	33.4532374100719	11.8705035971223	41.726618705036	12.9496402877698
BL1009	255	1723	0.0532036436621893	1654	0.959953569355775	69	0.0400464306442252	0.581906178355502	-0.556860057971014	0.420427171992934	0.484215111277281	3.13733174853031	9	13.5137254901961	0.147583757912614	0.29810105358159	0.472362578471903	0.167510477837114	260.913725490196	56.6813697040046	0.0657251615193013	0.00047937989200067	0.0348840741985074	91.4527575474634	0.360050226564817	198	57	89	166	82	7	116	50	77.6470588235294	22.3529411764706	34.9019607843137	65.0980392156863	32.156862745098	2.74509803921569	45.4901960784314	19.6078431372549
BL1010	362	3339	0.0511011462940573	3226	0.966157532195268	113	0.033842467804732	0.586474179479231	-0.549664088495575	0.495931593159316	0.496531975184575	3.22638486559966	10	18.4475138121547	0.148344837085444	0.2273359519856	0.384035759897829	0.336226383872306	380.041436464088	59.7088948787062	0.0609313740256407	0.000205213827825941	0.0147662192644983	125.279588704727	0.347034871758246	260	102	145	217	124	21	136	81	71.8232044198895	28.1767955801105	40.0552486187845	59.9447513812155	34.2541436464088	5.80110497237569	37.5690607734807	22.3756906077348
BL1011	528	12700	0.0912828474498304	12559	0.988897637795276	141	0.0111023622047244	0.6108640770762	-0.557965028368794	0.630229642854749	0.582711771710369	2.94274511602311	9	48.1060606060606	0.263555862227589	0.107993541375011	0.259971447717274	0.332039674745547	481.403409090909	30.3162992125984	0.062705500712233	9.76583561977072e-05	0.00837899095130647	206.043093133718	0.390973611259427	342	186	197	331	138	59	204	127	64.7727272727273	35.2272727272727	37.3106060606061	62.6893939393939	26.1363636363636	11.1742424242424	38.6363636363636	24.0530303030303
BL1012	467	12988	0.119362932056502	12878	0.991530643671081	110	0.008469356328919	0.614199272169592	-0.555965027272727	0.641163861855886	0.601724942996987	2.78522570518004	9	55.6231263383298	0.294800158072254	0.0967265852739514	0.224217979194531	0.257888297649719	401.82869379015	22.5414998460117	0.0704838758329898	0.000196925807626129	0.0189146306022047	200.186939600965	0.429585707298209	328	139	167	300	127	40	201	99	70.2355460385439	29.7644539614561	35.7601713062098	64.2398286937901	27.1948608137045	8.56531049250535	43.0406852248394	21.1991434689507
BL1101	447	13502	0.135452092174035	13395	0.992075248111391	107	0.0079247518886091	0.613317057110862	-0.557134308411215	0.636844352399236	0.620919387418842	2.58473157917037	10	60.4116331096197	0.31073624863314	0.0957318666650712	0.226038079827133	0.192747386350632	334.686800894855	18.0720633980151	0.0385201256022145	0.000150458315342073	0.0109156595904126	200.326167394624	0.449161810301847	300	147	164	283	112	52	188	95	67.1140939597315	32.8859060402685	36.6890380313199	63.3109619686801	25.0559284116331	11.6331096196868	42.0581655480984	21.2527964205817
BL1102	481	14374	0.1245148995149	14237	0.9904689021845	137	0.00953109781550021	0.609465238182201	-0.559405102189781	0.620325290692826	0.620738624167187	2.65130025803854	9	59.7671517671518	0.319235100485101	0.103257681783698	0.263901777412643	0.169357506935198	375.185031185031	20.1579240294977	0.0332009434113981	0.000130233831548721	0.0100660118647521	210.692588192588	0.438942892067892	287	194	186	295	110	76	177	118	59.6673596673597	40.3326403326403	38.6694386694387	61.3305613305613	22.8690228690229	15.8004158004158	36.7983367983368	24.5322245322245
BL1103	452	12926	0.126817495045425	12790	0.989478570323379	136	0.0105214296766208	0.609695046207975	-0.558361536764706	0.633473317274531	0.602683801403332	2.82695247835852	13	57.1946902654867	0.314424190098699	0.0944261594042045	0.255820546279525	0.168836205568563	383.340707964602	20.7419928825623	0.0546309297040643	0.000114401657467797	0.00883306932036942	190.958550311537	0.423411419759506	269	183	179	273	103	76	166	107	59.5132743362832	40.4867256637168	39.6017699115044	60.3982300884956	22.787610619469	16.8141592920354	36.7256637168142	23.6725663716814
BL1104	398	5364	0.0678961558421832	5233	0.975577926920209	131	0.0244220730797912	0.595333013758838	-0.560152	0.561725774707676	0.514092957772556	3.2096191819464	10	26.9547738693467	0.234370846676708	0.150965660961581	0.358292287197817	0.30929315053283	393.623115577889	42.423937360179	0.0769096266948174	9.94658384959156e-05	0.00790582494632996	137.284136954614	0.345803871422202	247	151	167	231	99	68	148	83	62.0603015075377	37.9396984924623	41.9597989949749	58.0402010050251	24.8743718592965	17.0854271356784	37.1859296482412	20.8542713567839
BL1105	371	3026	0.0440882931448969	2901	0.958691341705221	125	0.0413086582947786	0.584604447776629	-0.5590236	0.465050247248365	0.471757590579566	3.36787540313065	10	16.3126684636119	0.155911706855103	0.207549280591087	0.512969003218639	0.240738532330714	405.698113207547	70.7465300727032	0.0935411812338073	0.000151014920515322	0.011013241494032	120.940210927138	0.326865434938211	219	152	149	222	91	58	128	94	59.0296495956873	40.9703504043127	40.1617250673854	59.8382749326146	24.5283018867925	15.633423180593	34.5013477088949	25.3369272237197
BL1106	362	2675	0.0409390734760717	2555	0.955140186915888	120	0.0448598130841121	0.58620177221135	-0.55667175	0.471519651571601	0.471536372153448	3.44703123691483	12	14.7790055248619	0.139116328185978	0.258578724010373	0.609573563235745	0.260207588540665	403.591160220994	76.9364485981309	0.0941287019802568	0.000137427994919846	0.00999732225315875	114.032124122041	0.315878460171859	230	132	147	215	90	57	140	75	63.5359116022099	36.4640883977901	40.6077348066298	59.3922651933702	24.8618784530387	15.7458563535912	38.6740331491713	20.7182320441989
BL1107	360	2397	0.0370937790157846	2325	0.969962453066333	72	0.0300375469336671	0.577532268387097	-0.539478111111111	0.409956895133428	0.467128173000017	3.40464911852322	10	13.3166666666667	0.155106778087279	0.325053420080959	0.562261967825578	0.236235434330727	410.333333333333	87.2553191489362	0.103552586772101	0.000220762602474647	0.0188989689794361	117.20876984127	0.32648682407039	199	161	161	199	85	76	114	85	55.2777777777778	44.7222222222222	44.7222222222222	55.2777777777778	23.6111111111111	21.1111111111111	31.6666666666667	23.6111111111111
BL1108	323	2263	0.0435167201892198	2188	0.966858152894388	75	0.033141847105612	0.578932365630713	-0.546987946666667	0.414740537346634	0.477094095755628	3.23683193294407	9	14.0123839009288	0.167663404034383	0.273574419562863	0.540348409078853	0.244114153716217	340.393188854489	70.3049049933716	0.0829841602706613	0.00024881966924062	0.0184370351288835	109.823745638606	0.34106753303915	196	127	136	187	87	49	109	78	60.6811145510836	39.3188854489164	42.1052631578947	57.8947368421053	26.9349845201238	15.1702786377709	33.7461300309598	24.1486068111455
BL1109	365	2471	0.0371970495258167	2371	0.959530554431404	100	0.0404694455685957	0.576460576128216	-0.54810679	0.399429270281288	0.46005663170982	3.30212724873685	9	13.5397260273973	0.141374379045612	0.2847980358847	0.517933255373944	0.232148449762375	391.967123287671	83.048968029138	0.0673991792347203	0.00017499057345949	0.0127400587884608	119.519225918678	0.32834952175461	202	163	165	200	91	74	111	89	55.3424657534247	44.6575342465753	45.2054794520548	54.7945205479452	24.9315068493151	20.2739726027397	30.4109589041096	24.3835616438356
BL1110	451	4017	0.0395861049519586	3903	0.971620612397311	114	0.0283793876026886	0.5800269902639	-0.551063570175439	0.450893481670189	0.479819275328221	3.32281051582096	10	17.8137472283814	0.12930278393693	0.254327221646041	0.481426762346982	0.235535011424465	490.751662971175	78.8185212845407	0.0806405918477305	0.000125110190981261	0.00948282666420465	148.519857107662	0.330044126905916	256	195	220	231	122	98	134	97	56.7627494456763	43.2372505543237	48.780487804878	51.219512195122	27.0509977827051	21.7294900221729	29.7117516629712	21.5077605321508
BL1111	533	10883	0.0767608514720196	10742	0.987044013599191	141	0.0129559864008086	0.603848110314653	-0.557417205673759	0.608433805557672	0.56508830261469	2.98164158559785	8	40.8367729831144	0.250306817700913	0.116040668552453	0.286319015270929	0.32682628797497	480.776735459662	35.4284664155104	0.0636809490563688	6.69394546631423e-05	0.00575464569622141	196.037465380148	0.368491476278474	333	200	212	321	132	80	201	120	62.4765478424015	37.5234521575985	39.7748592870544	60.2251407129456	24.765478424015	15.0093808630394	37.7110694183865	22.5140712945591
BL1112	530	14042	0.100167635624354	13905	0.990243555049138	137	0.0097564449508617	0.609390620496224	-0.558256153284671	0.617055821624003	0.605469006242742	2.83432572289018	9	52.988679245283	0.289246353033491	0.108436774545504	0.261381703498336	0.246960576256771	452.798113207547	26.4073493804301	0.066469554779212	8.81169934491145e-05	0.00724849590422959	213.017469302186	0.402679526091089	323	207	211	319	126	85	197	122	60.9433962264151	39.0566037735849	39.811320754717	60.188679245283	23.7735849056604	16.0377358490566	37.1698113207547	23.0188679245283
BL1201	542	15083	0.102877683120639	14940	0.99051912749453	143	0.00948087250546973	0.609053241164659	-0.55672141958042	0.617187440065669	0.605846957860338	2.90220246228345	10	55.6568265682657	0.301928231851635	0.110613911324501	0.275166422858027	0.209434333117898	495.734317343173	27.178876881257	0.0484877386848752	0.000141499089181768	0.0142483938413818	222.883509049376	0.411984305082026	292	250	224	318	107	117	185	133	53.8745387453875	46.1254612546125	41.3284132841328	58.6715867158672	19.7416974169742	21.5867158671587	34.1328413284133	24.5387453874539
BL1202	503	14617	0.115775466721583	14484	0.99090100567832	133	0.00909899432168024	0.608764150027617	-0.559454676691729	0.621043990595002	0.613180532455481	2.71810967964523	9	58.1192842942346	0.316495449613079	0.103039010887858	0.265113057624758	0.167439587338821	405.914512922465	22.09837860026	0.0337034607991995	0.000109673848516744	0.00864550760562175	214.094793145887	0.426483651685033	283	220	205	298	104	101	179	119	56.2624254473161	43.7375745526839	40.7554671968191	59.2445328031809	20.675944333996	20.0795228628231	35.5864811133201	23.6580516898608
BL1203	309	7426	0.15605430168537	7362	0.99138163210342	64	0.00861836789657958	0.620055160010867	-0.566836328125	0.656317865565417	0.627793298308125	2.64366190860939	11	48.0647249190938	0.304984659353591	0.101497645974689	0.192944619393818	0.205320487728096	237.006472491909	15.8619714516563	0.0619945618702969	0.000250824218305353	0.0161131788931251	139.966864670748	0.454437872307624	253	56	95	214	88	7	165	49	81.8770226537217	18.1229773462783	30.7443365695793	69.2556634304207	28.4789644012945	2.26537216828479	53.3980582524272	15.8576051779935
BL1204	332	4260	0.0775306664725367	4130	0.969483568075117	130	0.0305164319248826	0.597365201210654	-0.558167115384615	0.565224904744242	0.534191818981092	3.13396546561533	9	25.6626506024096	0.233647581261602	0.143294077117523	0.351180421172453	0.325744922200061	321.990963855422	36.8535211267606	0.0648626582159086	0.000160618205671278	0.0114532693502968	119.625568942436	0.361406552696182	212	120	116	216	84	32	128	88	63.855421686747	36.144578313253	34.9397590361446	65.0602409638554	25.3012048192771	9.63855421686747	38.5542168674699	26.5060240963855
BL1205	295	2157	0.04974057419578	2047	0.94900324524803	110	0.0509967547519703	0.586892735222276	-0.560427027272727	0.461591164907587	0.473946065979632	3.38918878579069	10	14.6237288135593	0.198558745532111	0.248297061907096	0.419839215844318	0.319869076274246	325.569491525424	63.1627260083449	0.102045910731964	0.0002299903944212	0.0161994161186639	97.086384180791	0.330225796533303	167	128	111	184	69	42	98	86	56.6101694915254	43.3898305084746	37.6271186440678	62.3728813559322	23.3898305084746	14.2372881355932	33.2203389830508	29.1525423728814
BL1206	291	1996	0.0473041829600664	1889	0.946392785571142	107	0.0536072144288577	0.586832900476443	-0.556099859813084	0.45516042946689	0.485708858131068	3.39936416622512	12	13.7182130584192	0.149247541177865	0.237759424784551	0.585548062143984	0.21928548460114	326.783505154639	67.498496993988	0.0913685096531495	0.000272414394510228	0.0189265351015289	96.3067411969474	0.332092211023956	192	99	92	199	69	23	123	76	65.979381443299	34.020618556701	31.6151202749141	68.3848797250859	23.7113402061856	7.90378006872852	42.2680412371134	26.1168384879725
BL1207	285	1834	0.0453175191499876	1758	0.95856052344602	76	0.0414394765539804	0.581864845278726	-0.541540328947368	0.40875107513839	0.462287839822237	3.33377606255012	10	12.8701754385965	0.194119100568322	0.253713123092574	0.525640242697695	0.267102224617516	326.761403508772	72.5359869138495	0.0940165805424215	0.000668069681345044	0.0975602650559463	99.3924338624339	0.349973358670542	147	138	105	180	48	57	99	81	51.5789473684211	48.4210526315789	36.8421052631579	63.1578947368421	16.8421052631579	20	34.7368421052632	28.4210526315789
BL1208	220	1516	0.0629306766293068	1485	0.979551451187335	31	0.0204485488126649	0.580446904377104	-0.548056129032258	0.428993572853308	0.472716924045439	2.98863736070896	7	13.7818181818182	0.224740556247406	0.256629514880833	0.445402840892852	0.198365551928063	206.040909090909	44.9360158311346	0.0802195045373831	0.000499910301166611	0.0321175449143	81.8860606060606	0.37390895253909	86	134	95	125	32	63	54	71	39.0909090909091	60.9090909090909	43.1818181818182	56.8181818181818	14.5454545454545	28.6363636363636	24.5454545454545	32.2727272727273
BL1209	275	1859	0.0493430656934307	1805	0.970952124798279	54	0.0290478752017214	0.579481557894737	-0.548420907407407	0.444628099173554	0.501481138854673	3.2906770164266	8	13.52	0.173284671532847	0.253027845571093	0.433380320108404	0.208828265327598	304.76	64.7638515330823	0.068287248695542	0.000499452082684141	0.0464604302624703	95.751619047619	0.349458463677442	89	186	122	153	33	89	56	97	32.3636363636364	67.6363636363636	44.3636363636364	55.6363636363636	12	32.3636363636364	20.3636363636364	35.2727272727273
BL1210	299	2449	0.0549707077282216	2367	0.966516945692119	82	0.0334830543078808	0.584818514152936	-0.556019719512195	0.469673496828505	0.505556707912383	3.17425960122484	7	16.38127090301	0.143015869452986	0.197999448794644	0.387888071289251	0.15222071454344	311.09364548495	55.4503879134341	0.0887490669066472	0.000361703990430474	0.0282292427831227	106.454260232521	0.357229061182957	90	209	118	181	25	93	65	116	30.1003344481605	69.8996655518395	39.4648829431438	60.5351170568562	8.36120401337793	31.1036789297659	21.7391304347826	38.7959866220736
BL1211	532	12339	0.0873582260736587	12207	0.989302212496961	132	0.0106977875030391	0.608221371426231	-0.552315886363636	0.628550959061093	0.589604477426954	2.94585005215511	8	46.3872180451128	0.266690738144797	0.1131269897716	0.285352692063855	0.339596277379599	480.387218045113	31.3562687413891	0.0587420073956813	8.31989614693535e-05	0.00694310372087263	203.474118331543	0.383190430002906	289	243	209	323	114	95	175	148	54.3233082706767	45.6766917293233	39.2857142857143	60.7142857142857	21.4285714285714	17.8571428571429	32.8947368421053	27.8195488721804
BL1212	491	13789	0.114626543081591	13661	0.990717238378418	128	0.00928276162158242	0.610178222384891	-0.55765209375	0.62624547294368	0.618746173935388	2.75163005661172	7	56.1670061099796	0.309863252836776	0.0967075225907485	0.26194461955571	0.244075158203973	415.279022403259	23.2293132206832	0.0479039887408996	0.000187909929822265	0.0182579785681739	210.876200174571	0.430359592193002	269	222	193	298	104	89	165	133	54.786150712831	45.213849287169	39.3075356415479	60.6924643584521	21.1812627291242	18.1262729124236	33.6048879837067	27.0875763747454
BL1301	331	6668	0.12209100064085	6574	0.985902819436113	94	0.0140971805638872	0.608517528901734	-0.555409553191489	0.639823068109105	0.627722567111137	2.74066996617684	8	40.2900302114804	0.302151423601575	0.106079839672894	0.230646908046975	0.261928968831168	275.199395770393	21.5089982003599	0.0571402873573145	0.00030719379318365	0.0223020897477143	142.571723493023	0.432035525736432	145	186	136	195	81	55	64	131	43.8066465256798	56.1933534743202	41.0876132930514	58.9123867069486	24.4712990936556	16.6163141993958	19.3353474320242	39.5770392749245
BL1302	375	8682	0.123807486631016	8576	0.987790831605621	106	0.0122091683943792	0.606532353194963	-0.561826481132075	0.619712333050431	0.62151026665514	2.71939635912884	9	46.304	0.314695187165775	0.0852484218702246	0.245085208429002	0.189839539399778	318.106666666667	21.7310527528219	0.0436204781117024	0.000575625171601753	0.085280191836158	168.002366137566	0.449204187533599	182	193	153	222	78	75	104	118	48.5333333333333	51.4666666666667	40.8	59.2	20.8	20	27.7333333333333	31.4666666666667
BL1303	358	9278	0.145188801777694	9165	0.987820651002371	113	0.0121793489976288	0.610231666339334	-0.562198495575221	0.642249262146065	0.621242703009699	2.67221484243714	10	51.8324022346369	0.33660391530914	0.0835275696243754	0.241818070521503	0.174588712879462	291.857541899441	17.9961198534167	0.0857739028690871	0.000421545242717773	0.0427957071658001	165.604983594928	0.463879505868145	170	188	137	221	70	67	100	121	47.4860335195531	52.5139664804469	38.268156424581	61.731843575419	19.5530726256983	18.7150837988827	27.9329608938547	33.7988826815642
BL1304	203	1866	0.0910110715505048	1797	0.963022508038585	69	0.0369774919614148	0.596419538119087	-0.557684	0.573085112505035	0.538658666606125	2.84274118594708	9	18.384236453202	0.240672096766327	0.135617942738822	0.288249694206142	0.330998025356916	146.502463054187	24.5868167202572	0.0825568487243208	0.000174149744875684	0.0101970003347356	69.6034209085933	0.344571390636601	75	128	84	119	30	54	45	74	36.9458128078818	63.0541871921182	41.3793103448276	58.6206896551724	14.7783251231527	26.6009852216749	22.1674876847291	36.4532019704434
BL1305	210	1518	0.0691729323308271	1431	0.942687747035573	87	0.0573122529644269	0.590054127183788	-0.566072367816092	0.499006773089534	0.497025790558554	3.14273391516136	9	14.4571428571429	0.217908407382092	0.18147664240214	0.411534239918223	0.299329722161276	201.090476190476	40.8017127799736	0.103203790814875	0.000325137318674342	0.0172735701649712	73.2529213907785	0.35049244684583	77	133	65	145	23	42	54	91	36.6666666666667	63.3333333333333	30.952380952381	69.0476190476191	10.952380952381	20	25.7142857142857	43.3333333333333
BL1306	217	1243	0.0530380611025772	1182	0.950925181013677	61	0.0490748189863234	0.581446621827411	-0.548841245901639	0.460990099009901	0.484595389114401	3.39552306164816	9	11.4562211981567	0.155295272230756	0.230803034923141	0.354045161552886	0.189600650781931	244.608294930876	60.5293644408689	0.105899830141944	0.000485803435224873	0.032100926321166	72.7993014410065	0.337033802967623	58	159	96	121	22	74	36	85	26.7281105990783	73.2718894009217	44.2396313364055	55.7603686635945	10.1382488479263	34.1013824884793	16.5898617511521	39.1705069124424
BL1307	188	1101	0.0626351120719081	1049	0.952770208900999	52	0.0472297910990009	0.587051063870353	-0.552225615384615	0.451218594854822	0.466793521806691	3.33013147625623	12	11.7127659574468	0.231482534986915	0.259575848330369	0.358700073964497	0.210485590493075	206.452127659574	50.3814713896458	0.142391521857574	0.00063663798583372	0.0430217393926985	66.1982741549231	0.354001466069107	59	129	67	121	15	52	44	77	31.3829787234043	68.6170212765958	35.6382978723404	64.3617021276596	7.97872340425532	27.6595744680851	23.4042553191489	40.9574468085106
BL1308	187	1201	0.0690587085273992	1176	0.979184013322231	25	0.0208159866777685	0.586786924319728	-0.54299816	0.455649350649351	0.503701008552574	3.17190529346102	9	12.8449197860963	0.237392904375827	0.231425936648867	0.446828770969236	0.20966797472919	197.689839572193	44.9533721898418	0.0890015225635895	0.0010540500474124	0.100110604338085	70.0889949919362	0.376822553720087	65	122	71	116	19	52	46	70	34.7593582887701	65.24064171123	37.9679144385027	62.0320855614973	10.1604278074866	27.807486631016	24.5989304812834	37.4331550802139
BL1309	283	1723	0.0431797107986868	1658	0.962275101567034	65	0.0377248984329658	0.581412871531966	-0.551559938461539	0.434273351238436	0.480178698284807	3.42657865559652	8	12.1766784452297	0.148309650903441	0.277170955048242	0.497611304250308	0.25693288096988	332.544169611307	77.1288450377249	0.0885409151005193	0.000476741525477042	0.0459179139331332	94.6700067306074	0.335709243725558	105	178	124	159	43	81	62	97	37.1024734982332	62.8975265017668	43.8162544169611	56.1837455830389	15.1943462897526	28.6219081272085	21.9081272084806	34.2756183745583
BL1310	231	1325	0.0498776585733107	1279	0.965283018867925	46	0.0347169811320755	0.58769461297889	-0.543889739130435	0.445213144775664	0.465022473488187	3.41207656024636	9	11.4718614718615	0.171861471861472	0.213704597594452	0.446134109778598	0.270800192348569	267.865800865801	66.0603773584906	0.108105488051396	0.000585241608133488	0.0481243257557417	78.2564179207036	0.340245295307407	105	126	81	150	39	42	66	84	45.4545454545455	54.5454545454545	35.0649350649351	64.9350649350649	16.8831168831169	18.1818181818182	28.5714285714286	36.3636363636364
BL1311	425	5864	0.0650832408435072	5779	0.985504774897681	85	0.0144952251023192	0.607736609967122	-0.560072517647059	0.595992851875278	0.546918350515926	3.27106153918481	9	27.5952941176471	0.215577136514983	0.122535608510578	0.309098564390153	0.405343328414963	454.661176470588	47.4616302864939	0.079655077216702	0.00015113369390759	0.0118143350286845	148.894918767507	0.35116726124412	229	196	144	281	73	71	156	125	53.8823529411765	46.1176470588235	33.8823529411765	66.1176470588235	17.1764705882353	16.7058823529412	36.7058823529412	29.4117647058824
BL1312	443	11029	0.112652319132202	10975	0.995103817209176	54	0.00489618279082419	0.614937681548975	-0.566686796296296	0.599816104532971	0.600637962462128	3.26472409703051	12	49.7923250564334	0.326261708017119	0.112728863306384	0.243006472700253	0.139117843815098	487.038374717833	28.2008341644755	0.129955951101367	0.000244579501800434	0.0302710686708853	179.550778504164	0.406223480778653	228	215	155	288	71	84	157	131	51.4672686230248	48.5327313769752	34.9887133182844	65.0112866817156	16.0270880361174	18.961625282167	35.4401805869075	29.5711060948081
